time,type,x,y,speed,lane,behavior,id
0.0,tractor,-180.0,0.5,6.0,village,slow,V1
0.0,two_wheeler,-140.0,-0.5,18.0,village,erratic,V2
0.0,car,-160.0,0.0,22.0,village,normal,V3
0.0,truck,-220.0,0.3,20.0,village,normal,V4
0.0,car,-60.0,-0.2,24.0,village,normal,V5
0.0,car,50.0,3.0,26.0,highway_north,normal,V6
0.0,bus,30.0,-3.0,22.0,highway_south,normal,V7
0.0,car,10.0,3.4,24.0,highway_north,normal,V8
0.5,tractor,-177.0,0.5,6.0,village,slow,V1
0.5,two_wheeler,-131.0,-0.5,18.0,village,erratic,V2
0.5,car,-149.0,0.0,22.0,village,normal,V3
0.5,truck,-210.0,0.3,20.0,village,normal,V4
0.5,car,-48.0,-0.2,24.0,village,normal,V5
0.5,car,63.0,3.0,26.0,highway_north,normal,V6
0.5,bus,41.0,-3.0,22.0,highway_south,normal,V7
0.5,car,22.0,3.4,24.0,highway_north,normal,V8
1.0,tractor,-174.0,0.5,6.0,village,slow,V1
1.0,two_wheeler,-122.0,-0.5,18.0,village,erratic,V2
1.0,car,-138.0,0.0,22.0,village,normal,V3
1.0,truck,-200.0,0.3,20.0,village,normal,V4
1.0,car,-48.0,-0.2,0.0,village,normal,V5
1.0,car,76.0,3.0,26.0,highway_north,normal,V6
1.0,bus,52.0,-3.0,22.0,highway_south,normal,V7
1.0,car,34.0,3.4,24.0,highway_north,normal,V8
1.5,tractor,-173.0,0.5,2.0,village,slow,V1
1.5,two_wheeler,-113.0,-0.5,18.0,village,erratic,V2
1.5,car,-127.0,0.0,22.0,village,normal,V3
1.5,truck,-190.0,0.3,20.0,village,normal,V4
1.5,car,-48.0,-0.2,0.0,village,normal,V5
1.5,car,89.0,3.0,26.0,highway_north,normal,V6
1.5,bus,63.0,-3.0,22.0,highway_south,normal,V7
1.5,car,46.0,3.4,24.0,highway_north,normal,V8
2.0,tractor,-172.0,0.5,2.0,village,slow,V1
2.0,two_wheeler,-104.0,-0.5,18.0,village,erratic,V2
2.0,car,-119.0,0.0,16.0,village,normal,V3
2.0,truck,-180.0,0.3,20.0,village,normal,V4
2.0,car,-48.0,-0.2,0.0,village,normal,V5
2.0,car,102.0,3.0,26.0,highway_north,normal,V6
2.0,bus,74.0,-3.0,22.0,highway_south,normal,V7
2.0,car,58.0,3.4,24.0,highway_north,normal,V8
2.5,tractor,-171.0,0.5,2.0,village,slow,V1
2.5,two_wheeler,-95.0,-0.5,18.0,village,erratic,V2
2.5,car,-111.0,0.0,16.0,village,normal,V3
2.5,truck,-170.0,0.3,20.0,village,normal,V4
2.5,car,-48.0,-0.2,0.0,village,normal,V5
2.5,car,115.0,3.0,26.0,highway_north,normal,V6
2.5,bus,85.0,-3.0,22.0,highway_south,normal,V7
2.5,car,70.0,3.4,24.0,highway_north,normal,V8
3.0,tractor,-170.0,0.5,2.0,village,slow,V1
3.0,two_wheeler,-86.0,-0.5,18.0,village,erratic,V2
3.0,car,-103.0,0.0,16.0,village,normal,V3
3.0,truck,-163.0,0.3,14.0,village,normal,V4
3.0,car,-48.0,-0.2,0.0,village,normal,V5
3.0,car,128.0,3.0,26.0,highway_north,normal,V6
3.0,bus,96.0,-3.0,22.0,highway_south,normal,V7
3.0,car,82.0,3.4,24.0,highway_north,normal,V8
3.5,tractor,-169.0,0.5,2.0,village,slow,V1
3.5,two_wheeler,-77.0,-0.5,18.0,village,erratic,V2
3.5,car,-95.0,0.0,16.0,village,normal,V3
3.5,truck,-156.0,0.3,14.0,village,normal,V4
3.5,car,-48.0,-0.2,0.0,village,normal,V5
3.5,car,141.0,3.0,26.0,highway_north,normal,V6
3.5,bus,107.0,-3.0,22.0,highway_south,normal,V7
3.5,car,94.0,3.4,24.0,highway_north,normal,V8
4.0,tractor,-168.0,0.5,2.0,village,slow,V1
4.0,two_wheeler,-71.0,-0.5,12.0,village,erratic,V2
4.0,car,-87.0,0.0,16.0,village,normal,V3
4.0,truck,-149.0,0.3,14.0,village,normal,V4
4.0,car,-48.0,-0.2,0.0,village,normal,V5
4.0,car,154.0,3.0,26.0,highway_north,normal,V6
4.0,bus,118.0,-3.0,22.0,highway_south,normal,V7
4.0,car,106.0,3.4,24.0,highway_north,normal,V8
4.5,tractor,-167.0,0.5,2.0,village,slow,V1
4.5,two_wheeler,-68.0,-0.5,6.0,village,erratic,V2
4.5,car,-79.0,0.0,16.0,village,normal,V3
4.5,truck,-142.0,0.3,14.0,village,normal,V4
4.5,car,-48.0,-0.2,0.0,village,normal,V5
4.5,car,167.0,3.0,26.0,highway_north,normal,V6
4.5,bus,129.0,-3.0,22.0,highway_south,normal,V7
4.5,car,118.0,3.4,24.0,highway_north,normal,V8
5.0,tractor,-166.0,0.5,2.0,village,slow,V1
5.0,two_wheeler,-67.0,-0.5,2.0,village,erratic,V2
5.0,car,-71.0,0.0,16.0,village,normal,V3
5.0,truck,-135.0,0.3,14.0,village,normal,V4
5.0,car,-48.0,-0.2,0.0,village,normal,V5
5.0,car,180.0,3.0,26.0,highway_north,normal,V6
5.0,bus,140.0,-3.0,22.0,highway_south,normal,V7
5.0,car,130.0,3.4,24.0,highway_north,normal,V8
5.5,tractor,-165.0,0.5,2.0,village,slow,V1
5.5,two_wheeler,-66.0,-0.5,2.0,village,erratic,V2
5.5,car,-66.0,0.0,10.0,village,normal,V3
5.5,truck,-128.0,0.3,14.0,village,normal,V4
5.5,car,-48.0,-0.2,0.0,village,normal,V5
5.5,car,193.0,3.0,26.0,highway_north,normal,V6
5.5,bus,151.0,-3.0,22.0,highway_south,normal,V7
5.5,car,142.0,3.4,24.0,highway_north,normal,V8
6.0,tractor,-164.0,0.5,2.0,village,slow,V1
6.0,two_wheeler,-65.0,-0.5,2.0,village,erratic,V2
6.0,car,-64.0,0.0,4.0,village,normal,V3
6.0,truck,-124.0,0.3,8.0,village,normal,V4
6.0,car,-48.0,-0.2,0.0,village,normal,V5
6.0,car,206.0,3.0,26.0,highway_north,normal,V6
6.0,bus,162.0,-3.0,22.0,highway_south,normal,V7
6.0,car,154.0,3.4,24.0,highway_north,normal,V8
6.5,tractor,-163.0,0.5,2.0,village,slow,V1
6.5,two_wheeler,-64.0,-0.5,2.0,village,erratic,V2
6.5,car,-62.0,0.0,4.0,village,normal,V3
6.5,truck,-124.0,0.3,0.0,village,normal,V4
6.5,car,-48.0,-0.2,0.0,village,normal,V5
6.5,car,219.0,3.0,26.0,highway_north,normal,V6
6.5,bus,173.0,-3.0,22.0,highway_south,normal,V7
6.5,car,166.0,3.4,24.0,highway_north,normal,V8
7.0,tractor,-162.0,0.5,2.0,village,slow,V1
7.0,two_wheeler,-63.0,-0.5,2.0,village,erratic,V2
7.0,car,-60.0,0.0,4.0,village,normal,V3
7.0,truck,-124.0,0.3,0.0,village,normal,V4
7.0,car,-48.0,-0.2,0.0,village,normal,V5
7.0,car,232.0,3.0,26.0,highway_north,normal,V6
7.0,bus,184.0,-3.0,22.0,highway_south,normal,V7
7.0,car,178.0,3.4,24.0,highway_north,normal,V8
7.5,tractor,-161.0,0.5,2.0,village,slow,V1
7.5,two_wheeler,-62.0,-0.5,2.0,village,erratic,V2
7.5,car,-58.0,0.0,4.0,village,normal,V3
7.5,truck,-124.0,0.3,0.0,village,normal,V4
7.5,car,-48.0,-0.2,0.0,village,normal,V5
7.5,car,245.0,3.0,26.0,highway_north,normal,V6
7.5,bus,195.0,-3.0,22.0,highway_south,normal,V7
7.5,car,190.0,3.4,24.0,highway_north,normal,V8
8.0,tractor,-160.0,0.5,2.0,village,slow,V1
8.0,two_wheeler,-61.0,-0.5,2.0,village,erratic,V2
8.0,car,-56.0,0.0,4.0,village,normal,V3
8.0,truck,-123.0,0.3,2.0,village,normal,V4
8.0,car,-48.0,-0.2,0.0,village,normal,V5
8.0,car,258.0,3.0,26.0,highway_north,normal,V6
8.0,bus,206.0,-3.0,22.0,highway_south,normal,V7
8.0,car,202.0,3.4,24.0,highway_north,normal,V8
8.5,tractor,-159.0,0.5,2.0,village,slow,V1
8.5,two_wheeler,-60.0,-0.5,2.0,village,erratic,V2
8.5,car,-54.0,0.0,4.0,village,normal,V3
8.5,truck,-122.0,0.3,2.0,village,normal,V4
8.5,car,-48.0,-0.2,0.0,village,normal,V5
8.5,car,271.0,3.0,26.0,highway_north,normal,V6
8.5,bus,217.0,-3.0,22.0,highway_south,normal,V7
8.5,car,214.0,3.4,24.0,highway_north,normal,V8
9.0,tractor,-158.0,0.5,2.0,village,slow,V1
9.0,two_wheeler,-59.0,-0.5,2.0,village,erratic,V2
9.0,car,-54.0,0.0,0.0,village,normal,V3
9.0,truck,-121.0,0.3,2.0,village,normal,V4
9.0,car,-48.0,-0.2,0.0,village,normal,V5
9.0,car,284.0,3.0,26.0,highway_north,normal,V6
9.0,bus,228.0,-3.0,22.0,highway_south,normal,V7
9.0,car,226.0,3.4,24.0,highway_north,normal,V8
9.5,tractor,-157.0,0.5,2.0,village,slow,V1
9.5,two_wheeler,-58.0,-0.5,2.0,village,erratic,V2
9.5,car,-54.0,0.0,0.0,village,normal,V3
9.5,truck,-120.0,0.3,2.0,village,normal,V4
9.5,car,-48.0,-0.2,0.0,village,normal,V5
9.5,car,297.0,3.0,26.0,highway_north,normal,V6
9.5,bus,239.0,-3.0,22.0,highway_south,normal,V7
9.5,car,238.0,3.4,24.0,highway_north,normal,V8
10.0,tractor,-156.0,0.5,2.0,village,slow,V1
10.0,two_wheeler,-57.0,-0.5,2.0,village,erratic,V2
10.0,car,-54.0,0.0,0.0,village,normal,V3
10.0,truck,-120.0,0.3,0.0,village,normal,V4
10.0,car,-48.0,-0.2,0.0,village,normal,V5
10.0,car,310.0,3.0,26.0,highway_north,normal,V6
10.0,bus,250.0,-3.0,22.0,highway_south,normal,V7
10.0,car,250.0,3.4,24.0,highway_north,normal,V8
10.5,tractor,-155.0,0.5,2.0,village,slow,V1
10.5,two_wheeler,-56.0,-0.5,2.0,village,erratic,V2
10.5,car,-54.0,0.0,0.0,village,normal,V3
10.5,truck,-120.0,0.3,0.0,village,normal,V4
10.5,car,-48.0,-0.2,0.0,village,normal,V5
10.5,car,323.0,3.0,26.0,highway_north,normal,V6
10.5,bus,261.0,-3.0,22.0,highway_south,normal,V7
10.5,car,262.0,3.4,24.0,highway_north,normal,V8
11.0,tractor,-154.0,0.5,2.0,village,slow,V1
11.0,two_wheeler,-55.0,-0.5,2.0,village,erratic,V2
11.0,car,-54.0,0.0,0.0,village,normal,V3
11.0,truck,-119.0,0.3,2.0,village,normal,V4
11.0,car,-48.0,-0.2,0.0,village,normal,V5
11.0,car,336.0,3.0,26.0,highway_north,normal,V6
11.0,bus,272.0,-3.0,22.0,highway_south,normal,V7
11.0,car,274.0,3.4,24.0,highway_north,normal,V8
11.5,tractor,-153.0,0.5,2.0,village,slow,V1
11.5,two_wheeler,-55.0,-0.5,0.0,village,erratic,V2
11.5,car,-54.0,0.0,0.0,village,normal,V3
11.5,truck,-118.0,0.3,2.0,village,normal,V4
11.5,car,-48.0,-0.2,0.0,village,normal,V5
11.5,car,349.0,3.0,26.0,highway_north,normal,V6
11.5,bus,283.0,-3.0,22.0,highway_south,normal,V7
11.5,car,286.0,3.4,24.0,highway_north,normal,V8
12.0,tractor,-152.0,0.5,2.0,village,slow,V1
12.0,two_wheeler,-55.0,-0.5,0.0,village,erratic,V2
12.0,car,-54.0,0.0,0.0,village,normal,V3
12.0,truck,-117.0,0.3,2.0,village,normal,V4
12.0,car,-48.0,-0.2,0.0,village,normal,V5
12.0,car,362.0,3.0,26.0,highway_north,normal,V6
12.0,bus,294.0,-3.0,22.0,highway_south,normal,V7
12.0,car,298.0,3.4,24.0,highway_north,normal,V8
12.5,tractor,-151.0,0.5,2.0,village,slow,V1
12.5,two_wheeler,-55.0,-0.5,0.0,village,erratic,V2
12.5,car,-54.0,0.0,0.0,village,normal,V3
12.5,truck,-117.0,0.3,0.0,village,normal,V4
12.5,car,-48.0,-0.2,0.0,village,normal,V5
12.5,car,375.0,3.0,26.0,highway_north,normal,V6
12.5,bus,305.0,-3.0,22.0,highway_south,normal,V7
12.5,car,310.0,3.4,24.0,highway_north,normal,V8
13.0,tractor,-150.0,0.5,2.0,village,slow,V1
13.0,two_wheeler,-55.0,-0.5,0.0,village,erratic,V2
13.0,car,-54.0,0.0,0.0,village,normal,V3
13.0,truck,-117.0,0.3,0.0,village,normal,V4
13.0,car,-48.0,-0.2,0.0,village,normal,V5
13.0,car,388.0,3.0,26.0,highway_north,normal,V6
13.0,bus,316.0,-3.0,22.0,highway_south,normal,V7
13.0,car,322.0,3.4,24.0,highway_north,normal,V8
13.5,tractor,-149.0,0.5,2.0,village,slow,V1
13.5,two_wheeler,-55.0,-0.5,0.0,village,erratic,V2
13.5,car,-54.0,0.0,0.0,village,normal,V3
13.5,truck,-117.0,0.3,0.0,village,normal,V4
13.5,car,-48.0,-0.2,0.0,village,normal,V5
13.5,car,401.0,3.0,26.0,highway_north,normal,V6
13.5,bus,327.0,-3.0,22.0,highway_south,normal,V7
13.5,car,334.0,3.4,24.0,highway_north,normal,V8
14.0,tractor,-148.0,0.5,2.0,village,slow,V1
14.0,two_wheeler,-55.0,-0.5,0.0,village,erratic,V2
14.0,car,-54.0,0.0,0.0,village,normal,V3
14.0,truck,-117.0,0.3,0.0,village,normal,V4
14.0,car,-48.0,-0.2,0.0,village,normal,V5
14.0,car,414.0,3.0,26.0,highway_north,normal,V6
14.0,bus,338.0,-3.0,22.0,highway_south,normal,V7
14.0,car,346.0,3.4,24.0,highway_north,normal,V8
14.5,tractor,-147.0,0.5,2.0,village,slow,V1
14.5,two_wheeler,-55.0,-0.5,0.0,village,erratic,V2
14.5,car,-54.0,0.0,0.0,village,normal,V3
14.5,truck,-117.0,0.3,0.0,village,normal,V4
14.5,car,-48.0,-0.2,0.0,village,normal,V5
14.5,car,427.0,3.0,26.0,highway_north,normal,V6
14.5,bus,349.0,-3.0,22.0,highway_south,normal,V7
14.5,car,358.0,3.4,24.0,highway_north,normal,V8
15.0,tractor,-146.0,0.5,2.0,village,slow,V1
15.0,two_wheeler,-55.0,-0.5,0.0,village,erratic,V2
15.0,car,-54.0,0.0,0.0,village,normal,V3
15.0,truck,-117.0,0.3,0.0,village,normal,V4
15.0,car,-48.0,-0.2,0.0,village,normal,V5
15.0,car,440.0,3.0,26.0,highway_north,normal,V6
15.0,bus,360.0,-3.0,22.0,highway_south,normal,V7
15.0,car,370.0,3.4,24.0,highway_north,normal,V8
15.5,tractor,-145.0,0.5,2.0,village,slow,V1
15.5,two_wheeler,-55.0,-0.5,0.0,village,erratic,V2
15.5,car,-54.0,0.0,0.0,village,normal,V3
15.5,truck,-117.0,0.3,0.0,village,normal,V4
15.5,car,-48.0,-0.2,0.0,village,normal,V5
15.5,car,453.0,3.0,26.0,highway_north,normal,V6
15.5,bus,371.0,-3.0,22.0,highway_south,normal,V7
15.5,car,382.0,3.4,24.0,highway_north,normal,V8
16.0,tractor,-144.0,0.5,2.0,village,slow,V1
16.0,two_wheeler,-55.0,-0.5,0.0,village,erratic,V2
16.0,car,-54.0,0.0,0.0,village,normal,V3
16.0,truck,-117.0,0.3,0.0,village,normal,V4
16.0,car,-48.0,-0.2,0.0,village,normal,V5
16.0,car,466.0,3.0,26.0,highway_north,normal,V6
16.0,bus,382.0,-3.0,22.0,highway_south,normal,V7
16.0,car,394.0,3.4,24.0,highway_north,normal,V8
16.5,tractor,-143.0,0.5,2.0,village,slow,V1
16.5,two_wheeler,-55.0,-0.5,0.0,village,erratic,V2
16.5,car,-54.0,0.0,0.0,village,normal,V3
16.5,truck,-117.0,0.3,0.0,village,normal,V4
16.5,car,-48.0,-0.2,0.0,village,normal,V5
16.5,car,479.0,3.0,26.0,highway_north,normal,V6
16.5,bus,393.0,-3.0,22.0,highway_south,normal,V7
16.5,car,406.0,3.4,24.0,highway_north,normal,V8
17.0,tractor,-143.0,0.5,0.0,village,slow,V1
17.0,two_wheeler,-55.0,-0.5,0.0,village,erratic,V2
17.0,car,-54.0,0.0,0.0,village,normal,V3
17.0,truck,-117.0,0.3,0.0,village,normal,V4
17.0,car,-48.0,-0.2,0.0,village,normal,V5
17.0,car,492.0,3.0,26.0,highway_north,normal,V6
17.0,bus,404.0,-3.0,22.0,highway_south,normal,V7
17.0,car,418.0,3.4,24.0,highway_north,normal,V8
17.5,tractor,-143.0,0.5,0.0,village,slow,V1
17.5,two_wheeler,-55.0,-0.5,0.0,village,erratic,V2
17.5,car,-54.0,0.0,0.0,village,normal,V3
17.5,truck,-117.0,0.3,0.0,village,normal,V4
17.5,car,-48.0,-0.2,0.0,village,normal,V5
17.5,car,505.0,3.0,26.0,highway_north,normal,V6
17.5,bus,415.0,-3.0,22.0,highway_south,normal,V7
17.5,car,430.0,3.4,24.0,highway_north,normal,V8
18.0,tractor,-143.0,0.5,0.0,village,slow,V1
18.0,two_wheeler,-55.0,-0.5,0.0,village,erratic,V2
18.0,car,-54.0,0.0,0.0,village,normal,V3
18.0,truck,-117.0,0.3,0.0,village,normal,V4
18.0,car,-48.0,-0.2,0.0,village,normal,V5
18.0,car,518.0,3.0,26.0,highway_north,normal,V6
18.0,bus,426.0,-3.0,22.0,highway_south,normal,V7
18.0,car,442.0,3.4,24.0,highway_north,normal,V8
18.5,tractor,-143.0,0.5,0.0,village,slow,V1
18.5,two_wheeler,-55.0,-0.5,0.0,village,erratic,V2
18.5,car,-54.0,0.0,0.0,village,normal,V3
18.5,truck,-117.0,0.3,0.0,village,normal,V4
18.5,car,-48.0,-0.2,0.0,village,normal,V5
18.5,car,531.0,3.0,26.0,highway_north,normal,V6
18.5,bus,437.0,-3.0,22.0,highway_south,normal,V7
18.5,car,454.0,3.4,24.0,highway_north,normal,V8
19.0,tractor,-143.0,0.5,0.0,village,slow,V1
19.0,two_wheeler,-55.0,-0.5,0.0,village,erratic,V2
19.0,car,-54.0,0.0,0.0,village,normal,V3
19.0,truck,-117.0,0.3,0.0,village,normal,V4
19.0,car,-48.0,-0.2,0.0,village,normal,V5
19.0,car,544.0,3.0,26.0,highway_north,normal,V6
19.0,bus,448.0,-3.0,22.0,highway_south,normal,V7
19.0,car,466.0,3.4,24.0,highway_north,normal,V8
19.5,tractor,-143.0,0.5,0.0,village,slow,V1
19.5,two_wheeler,-55.0,-0.5,0.0,village,erratic,V2
19.5,car,-54.0,0.0,0.0,village,normal,V3
19.5,truck,-117.0,0.3,0.0,village,normal,V4
19.5,car,-48.0,-0.2,0.0,village,normal,V5
19.5,car,557.0,3.0,26.0,highway_north,normal,V6
19.5,bus,459.0,-3.0,22.0,highway_south,normal,V7
19.5,car,478.0,3.4,24.0,highway_north,normal,V8
20.0,tractor,-143.0,0.5,0.0,village,slow,V1
20.0,two_wheeler,-55.0,-0.5,0.0,village,erratic,V2
20.0,car,-54.0,0.0,0.0,village,normal,V3
20.0,truck,-117.0,0.3,0.0,village,normal,V4
20.0,car,-48.0,-0.2,0.0,village,normal,V5
20.0,car,570.0,3.0,26.0,highway_north,normal,V6
20.0,bus,470.0,-3.0,22.0,highway_south,normal,V7
20.0,car,490.0,3.4,24.0,highway_north,normal,V8
20.5,tractor,-143.0,0.5,0.0,village,slow,V1
20.5,two_wheeler,-55.0,-0.5,0.0,village,erratic,V2
20.5,car,-54.0,0.0,0.0,village,normal,V3
20.5,truck,-117.0,0.3,0.0,village,normal,V4
20.5,car,-48.0,-0.2,0.0,village,normal,V5
20.5,car,583.0,3.0,26.0,highway_north,normal,V6
20.5,bus,481.0,-3.0,22.0,highway_south,normal,V7
20.5,car,502.0,3.4,24.0,highway_north,normal,V8
21.0,tractor,-143.0,0.5,0.0,village,slow,V1
21.0,two_wheeler,-55.0,-0.5,0.0,village,erratic,V2
21.0,car,-54.0,0.0,0.0,village,normal,V3
21.0,truck,-117.0,0.3,0.0,village,normal,V4
21.0,car,-48.0,-0.2,0.0,village,normal,V5
21.0,car,596.0,3.0,26.0,highway_north,normal,V6
21.0,bus,492.0,-3.0,22.0,highway_south,normal,V7
21.0,car,514.0,3.4,24.0,highway_north,normal,V8
21.5,tractor,-143.0,0.5,0.0,village,slow,V1
21.5,two_wheeler,-55.0,-0.5,0.0,village,erratic,V2
21.5,car,-54.0,0.0,0.0,village,normal,V3
21.5,truck,-117.0,0.3,0.0,village,normal,V4
21.5,car,-48.0,-0.2,0.0,village,normal,V5
21.5,car,609.0,3.0,26.0,highway_north,normal,V6
21.5,bus,503.0,-3.0,22.0,highway_south,normal,V7
21.5,car,526.0,3.4,24.0,highway_north,normal,V8
22.0,tractor,-143.0,0.5,0.0,village,slow,V1
22.0,two_wheeler,-55.0,-0.5,0.0,village,erratic,V2
22.0,car,-54.0,0.0,0.0,village,normal,V3
22.0,truck,-117.0,0.3,0.0,village,normal,V4
22.0,car,-48.0,-0.2,0.0,village,normal,V5
22.0,car,622.0,3.0,26.0,highway_north,normal,V6
22.0,bus,514.0,-3.0,22.0,highway_south,normal,V7
22.0,car,538.0,3.4,24.0,highway_north,normal,V8
22.5,tractor,-143.0,0.5,0.0,village,slow,V1
22.5,two_wheeler,-55.0,-0.5,0.0,village,erratic,V2
22.5,car,-54.0,0.0,0.0,village,normal,V3
22.5,truck,-117.0,0.3,0.0,village,normal,V4
22.5,car,-48.0,-0.2,0.0,village,normal,V5
22.5,car,635.0,3.0,26.0,highway_north,normal,V6
22.5,bus,525.0,-3.0,22.0,highway_south,normal,V7
22.5,car,550.0,3.4,24.0,highway_north,normal,V8
23.0,tractor,-143.0,0.5,0.0,village,slow,V1
23.0,two_wheeler,-55.0,-0.5,0.0,village,erratic,V2
23.0,car,-54.0,0.0,0.0,village,normal,V3
23.0,truck,-117.0,0.3,0.0,village,normal,V4
23.0,car,-48.0,-0.2,0.0,village,normal,V5
23.0,car,648.0,3.0,26.0,highway_north,normal,V6
23.0,bus,536.0,-3.0,22.0,highway_south,normal,V7
23.0,car,562.0,3.4,24.0,highway_north,normal,V8
23.5,tractor,-143.0,0.5,0.0,village,slow,V1
23.5,two_wheeler,-55.0,-0.5,0.0,village,erratic,V2
23.5,car,-54.0,0.0,0.0,village,normal,V3
23.5,truck,-117.0,0.3,0.0,village,normal,V4
23.5,car,-48.0,-0.2,0.0,village,normal,V5
23.5,car,661.0,3.0,26.0,highway_north,normal,V6
23.5,bus,547.0,-3.0,22.0,highway_south,normal,V7
23.5,car,574.0,3.4,24.0,highway_north,normal,V8
24.0,tractor,-143.0,0.5,0.0,village,slow,V1
24.0,two_wheeler,-55.0,-0.5,0.0,village,erratic,V2
24.0,car,-54.0,0.0,0.0,village,normal,V3
24.0,truck,-117.0,0.3,0.0,village,normal,V4
24.0,car,-48.0,-0.2,0.0,village,normal,V5
24.0,car,674.0,3.0,26.0,highway_north,normal,V6
24.0,bus,558.0,-3.0,22.0,highway_south,normal,V7
24.0,car,586.0,3.4,24.0,highway_north,normal,V8
24.5,tractor,-143.0,0.5,0.0,village,slow,V1
24.5,two_wheeler,-55.0,-0.5,0.0,village,erratic,V2
24.5,car,-54.0,0.0,0.0,village,normal,V3
24.5,truck,-117.0,0.3,0.0,village,normal,V4
24.5,car,-48.0,-0.2,0.0,village,normal,V5
24.5,car,687.0,3.0,26.0,highway_north,normal,V6
24.5,bus,569.0,-3.0,22.0,highway_south,normal,V7
24.5,car,598.0,3.4,24.0,highway_north,normal,V8
25.0,tractor,-143.0,0.5,0.0,village,slow,V1
25.0,two_wheeler,-55.0,-0.5,0.0,village,erratic,V2
25.0,car,-54.0,0.0,0.0,village,normal,V3
25.0,truck,-117.0,0.3,0.0,village,normal,V4
25.0,car,-48.0,-0.2,0.0,village,normal,V5
25.0,car,700.0,3.0,26.0,highway_north,normal,V6
25.0,bus,580.0,-3.0,22.0,highway_south,normal,V7
25.0,car,610.0,3.4,24.0,highway_north,normal,V8
25.5,tractor,-143.0,0.5,0.0,village,slow,V1
25.5,two_wheeler,-55.0,-0.5,0.0,village,erratic,V2
25.5,car,-54.0,0.0,0.0,village,normal,V3
25.5,truck,-117.0,0.3,0.0,village,normal,V4
25.5,car,-48.0,-0.2,0.0,village,normal,V5
25.5,car,713.0,3.0,26.0,highway_north,normal,V6
25.5,bus,591.0,-3.0,22.0,highway_south,normal,V7
25.5,car,622.0,3.4,24.0,highway_north,normal,V8
26.0,tractor,-143.0,0.5,0.0,village,slow,V1
26.0,two_wheeler,-55.0,-0.5,0.0,village,erratic,V2
26.0,car,-54.0,0.0,0.0,village,normal,V3
26.0,truck,-117.0,0.3,0.0,village,normal,V4
26.0,car,-48.0,-0.2,0.0,village,normal,V5
26.0,car,726.0,3.0,26.0,highway_north,normal,V6
26.0,bus,602.0,-3.0,22.0,highway_south,normal,V7
26.0,car,634.0,3.4,24.0,highway_north,normal,V8
26.5,tractor,-143.0,0.5,0.0,village,slow,V1
26.5,two_wheeler,-55.0,-0.5,0.0,village,erratic,V2
26.5,car,-54.0,0.0,0.0,village,normal,V3
26.5,truck,-117.0,0.3,0.0,village,normal,V4
26.5,car,-48.0,-0.2,0.0,village,normal,V5
26.5,car,739.0,3.0,26.0,highway_north,normal,V6
26.5,bus,613.0,-3.0,22.0,highway_south,normal,V7
26.5,car,646.0,3.4,24.0,highway_north,normal,V8
27.0,tractor,-143.0,0.5,0.0,village,slow,V1
27.0,two_wheeler,-55.0,-0.5,0.0,village,erratic,V2
27.0,car,-54.0,0.0,0.0,village,normal,V3
27.0,truck,-117.0,0.3,0.0,village,normal,V4
27.0,car,-48.0,-0.2,0.0,village,normal,V5
27.0,car,752.0,3.0,26.0,highway_north,normal,V6
27.0,bus,624.0,-3.0,22.0,highway_south,normal,V7
27.0,car,658.0,3.4,24.0,highway_north,normal,V8
27.5,tractor,-143.0,0.5,0.0,village,slow,V1
27.5,two_wheeler,-55.0,-0.5,0.0,village,erratic,V2
27.5,car,-54.0,0.0,0.0,village,normal,V3
27.5,truck,-117.0,0.3,0.0,village,normal,V4
27.5,car,-48.0,-0.2,0.0,village,normal,V5
27.5,car,765.0,3.0,26.0,highway_north,normal,V6
27.5,bus,635.0,-3.0,22.0,highway_south,normal,V7
27.5,car,670.0,3.4,24.0,highway_north,normal,V8
28.0,tractor,-143.0,0.5,0.0,village,slow,V1
28.0,two_wheeler,-55.0,-0.5,0.0,village,erratic,V2
28.0,car,-54.0,0.0,0.0,village,normal,V3
28.0,truck,-117.0,0.3,0.0,village,normal,V4
28.0,car,-48.0,-0.2,0.0,village,normal,V5
28.0,car,778.0,3.0,26.0,highway_north,normal,V6
28.0,bus,646.0,-3.0,22.0,highway_south,normal,V7
28.0,car,682.0,3.4,24.0,highway_north,normal,V8
28.5,tractor,-143.0,0.5,0.0,village,slow,V1
28.5,two_wheeler,-55.0,-0.5,0.0,village,erratic,V2
28.5,car,-54.0,0.0,0.0,village,normal,V3
28.5,truck,-117.0,0.3,0.0,village,normal,V4
28.5,car,-48.0,-0.2,0.0,village,normal,V5
28.5,car,791.0,3.0,26.0,highway_north,normal,V6
28.5,bus,657.0,-3.0,22.0,highway_south,normal,V7
28.5,car,694.0,3.4,24.0,highway_north,normal,V8
29.0,tractor,-143.0,0.5,0.0,village,slow,V1
29.0,two_wheeler,-55.0,-0.5,0.0,village,erratic,V2
29.0,car,-54.0,0.0,0.0,village,normal,V3
29.0,truck,-117.0,0.3,0.0,village,normal,V4
29.0,car,-48.0,-0.2,0.0,village,normal,V5
29.0,car,804.0,3.0,26.0,highway_north,normal,V6
29.0,bus,668.0,-3.0,22.0,highway_south,normal,V7
29.0,car,706.0,3.4,24.0,highway_north,normal,V8
29.5,tractor,-143.0,0.5,0.0,village,slow,V1
29.5,two_wheeler,-55.0,-0.5,0.0,village,erratic,V2
29.5,car,-54.0,0.0,0.0,village,normal,V3
29.5,truck,-117.0,0.3,0.0,village,normal,V4
29.5,car,-48.0,-0.2,0.0,village,normal,V5
29.5,car,817.0,3.0,26.0,highway_north,normal,V6
29.5,bus,679.0,-3.0,22.0,highway_south,normal,V7
29.5,car,718.0,3.4,24.0,highway_north,normal,V8
30.0,tractor,-143.0,0.5,0.0,village,slow,V1
30.0,two_wheeler,-55.0,-0.5,0.0,village,erratic,V2
30.0,car,-54.0,0.0,0.0,village,normal,V3
30.0,truck,-117.0,0.3,0.0,village,normal,V4
30.0,car,-48.0,-0.2,0.0,village,normal,V5
30.0,car,830.0,3.0,26.0,highway_north,normal,V6
30.0,bus,690.0,-3.0,22.0,highway_south,normal,V7
30.0,car,730.0,3.4,24.0,highway_north,normal,V8
30.5,tractor,-143.0,0.5,0.0,village,slow,V1
30.5,two_wheeler,-55.0,-0.5,0.0,village,erratic,V2
30.5,car,-54.0,0.0,0.0,village,normal,V3
30.5,truck,-117.0,0.3,0.0,village,normal,V4
30.5,car,-48.0,-0.2,0.0,village,normal,V5
30.5,car,843.0,3.0,26.0,highway_north,normal,V6
30.5,bus,701.0,-3.0,22.0,highway_south,normal,V7
30.5,car,742.0,3.4,24.0,highway_north,normal,V8
31.0,tractor,-143.0,0.5,0.0,village,slow,V1
31.0,two_wheeler,-55.0,-0.5,0.0,village,erratic,V2
31.0,car,-54.0,0.0,0.0,village,normal,V3
31.0,truck,-117.0,0.3,0.0,village,normal,V4
31.0,car,-48.0,-0.2,0.0,village,normal,V5
31.0,car,856.0,3.0,26.0,highway_north,normal,V6
31.0,bus,712.0,-3.0,22.0,highway_south,normal,V7
31.0,car,754.0,3.4,24.0,highway_north,normal,V8
31.5,tractor,-143.0,0.5,0.0,village,slow,V1
31.5,two_wheeler,-55.0,-0.5,0.0,village,erratic,V2
31.5,car,-54.0,0.0,0.0,village,normal,V3
31.5,truck,-117.0,0.3,0.0,village,normal,V4
31.5,car,-48.0,-0.2,0.0,village,normal,V5
31.5,car,869.0,3.0,26.0,highway_north,normal,V6
31.5,bus,723.0,-3.0,22.0,highway_south,normal,V7
31.5,car,766.0,3.4,24.0,highway_north,normal,V8
32.0,tractor,-143.0,0.5,0.0,village,slow,V1
32.0,two_wheeler,-55.0,-0.5,0.0,village,erratic,V2
32.0,car,-54.0,0.0,0.0,village,normal,V3
32.0,truck,-117.0,0.3,0.0,village,normal,V4
32.0,car,-48.0,-0.2,0.0,village,normal,V5
32.0,car,882.0,3.0,26.0,highway_north,normal,V6
32.0,bus,734.0,-3.0,22.0,highway_south,normal,V7
32.0,car,778.0,3.4,24.0,highway_north,normal,V8
32.5,tractor,-143.0,0.5,0.0,village,slow,V1
32.5,two_wheeler,-55.0,-0.5,0.0,village,erratic,V2
32.5,car,-54.0,0.0,0.0,village,normal,V3
32.5,truck,-117.0,0.3,0.0,village,normal,V4
32.5,car,-48.0,-0.2,0.0,village,normal,V5
32.5,car,895.0,3.0,26.0,highway_north,normal,V6
32.5,bus,745.0,-3.0,22.0,highway_south,normal,V7
32.5,car,790.0,3.4,24.0,highway_north,normal,V8
33.0,tractor,-143.0,0.5,0.0,village,slow,V1
33.0,two_wheeler,-55.0,-0.5,0.0,village,erratic,V2
33.0,car,-54.0,0.0,0.0,village,normal,V3
33.0,truck,-117.0,0.3,0.0,village,normal,V4
33.0,car,-48.0,-0.2,0.0,village,normal,V5
33.0,car,908.0,3.0,26.0,highway_north,normal,V6
33.0,bus,756.0,-3.0,22.0,highway_south,normal,V7
33.0,car,802.0,3.4,24.0,highway_north,normal,V8
33.5,tractor,-143.0,0.5,0.0,village,slow,V1
33.5,two_wheeler,-55.0,-0.5,0.0,village,erratic,V2
33.5,car,-54.0,0.0,0.0,village,normal,V3
33.5,truck,-117.0,0.3,0.0,village,normal,V4
33.5,car,-48.0,-0.2,0.0,village,normal,V5
33.5,car,921.0,3.0,26.0,highway_north,normal,V6
33.5,bus,767.0,-3.0,22.0,highway_south,normal,V7
33.5,car,814.0,3.4,24.0,highway_north,normal,V8
34.0,tractor,-143.0,0.5,0.0,village,slow,V1
34.0,two_wheeler,-55.0,-0.5,0.0,village,erratic,V2
34.0,car,-54.0,0.0,0.0,village,normal,V3
34.0,truck,-117.0,0.3,0.0,village,normal,V4
34.0,car,-48.0,-0.2,0.0,village,normal,V5
34.0,car,934.0,3.0,26.0,highway_north,normal,V6
34.0,bus,778.0,-3.0,22.0,highway_south,normal,V7
34.0,car,826.0,3.4,24.0,highway_north,normal,V8
34.5,tractor,-143.0,0.5,0.0,village,slow,V1
34.5,two_wheeler,-55.0,-0.5,0.0,village,erratic,V2
34.5,car,-54.0,0.0,0.0,village,normal,V3
34.5,truck,-117.0,0.3,0.0,village,normal,V4
34.5,car,-48.0,-0.2,0.0,village,normal,V5
34.5,car,947.0,3.0,26.0,highway_north,normal,V6
34.5,bus,789.0,-3.0,22.0,highway_south,normal,V7
34.5,car,838.0,3.4,24.0,highway_north,normal,V8
35.0,tractor,-143.0,0.5,0.0,village,slow,V1
35.0,two_wheeler,-55.0,-0.5,0.0,village,erratic,V2
35.0,car,-54.0,0.0,0.0,village,normal,V3
35.0,truck,-117.0,0.3,0.0,village,normal,V4
35.0,car,-48.0,-0.2,0.0,village,normal,V5
35.0,car,960.0,3.0,26.0,highway_north,normal,V6
35.0,bus,800.0,-3.0,22.0,highway_south,normal,V7
35.0,car,850.0,3.4,24.0,highway_north,normal,V8
35.5,tractor,-143.0,0.5,0.0,village,slow,V1
35.5,two_wheeler,-55.0,-0.5,0.0,village,erratic,V2
35.5,car,-54.0,0.0,0.0,village,normal,V3
35.5,truck,-117.0,0.3,0.0,village,normal,V4
35.5,car,-48.0,-0.2,0.0,village,normal,V5
35.5,car,973.0,3.0,26.0,highway_north,normal,V6
35.5,bus,811.0,-3.0,22.0,highway_south,normal,V7
35.5,car,862.0,3.4,24.0,highway_north,normal,V8
36.0,tractor,-143.0,0.5,0.0,village,slow,V1
36.0,two_wheeler,-55.0,-0.5,0.0,village,erratic,V2
36.0,car,-54.0,0.0,0.0,village,normal,V3
36.0,truck,-117.0,0.3,0.0,village,normal,V4
36.0,car,-48.0,-0.2,0.0,village,normal,V5
36.0,car,986.0,3.0,26.0,highway_north,normal,V6
36.0,bus,822.0,-3.0,22.0,highway_south,normal,V7
36.0,car,874.0,3.4,24.0,highway_north,normal,V8
36.5,tractor,-143.0,0.5,0.0,village,slow,V1
36.5,two_wheeler,-55.0,-0.5,0.0,village,erratic,V2
36.5,car,-54.0,0.0,0.0,village,normal,V3
36.5,truck,-117.0,0.3,0.0,village,normal,V4
36.5,car,-48.0,-0.2,0.0,village,normal,V5
36.5,car,999.0,3.0,26.0,highway_north,normal,V6
36.5,bus,833.0,-3.0,22.0,highway_south,normal,V7
36.5,car,886.0,3.4,24.0,highway_north,normal,V8
37.0,tractor,-143.0,0.5,0.0,village,slow,V1
37.0,two_wheeler,-55.0,-0.5,0.0,village,erratic,V2
37.0,car,-54.0,0.0,0.0,village,normal,V3
37.0,truck,-117.0,0.3,0.0,village,normal,V4
37.0,car,-48.0,-0.2,0.0,village,normal,V5
37.0,car,1012.0,3.0,26.0,highway_north,normal,V6
37.0,bus,844.0,-3.0,22.0,highway_south,normal,V7
37.0,car,898.0,3.4,24.0,highway_north,normal,V8
37.5,tractor,-143.0,0.5,0.0,village,slow,V1
37.5,two_wheeler,-55.0,-0.5,0.0,village,erratic,V2
37.5,car,-54.0,0.0,0.0,village,normal,V3
37.5,truck,-117.0,0.3,0.0,village,normal,V4
37.5,car,-48.0,-0.2,0.0,village,normal,V5
37.5,car,1025.0,3.0,26.0,highway_north,normal,V6
37.5,bus,855.0,-3.0,22.0,highway_south,normal,V7
37.5,car,910.0,3.4,24.0,highway_north,normal,V8
38.0,tractor,-143.0,0.5,0.0,village,slow,V1
38.0,two_wheeler,-55.0,-0.5,0.0,village,erratic,V2
38.0,car,-54.0,0.0,0.0,village,normal,V3
38.0,truck,-117.0,0.3,0.0,village,normal,V4
38.0,car,-48.0,-0.2,0.0,village,normal,V5
38.0,car,1038.0,3.0,26.0,highway_north,normal,V6
38.0,bus,866.0,-3.0,22.0,highway_south,normal,V7
38.0,car,922.0,3.4,24.0,highway_north,normal,V8
38.5,tractor,-143.0,0.5,0.0,village,slow,V1
38.5,two_wheeler,-55.0,-0.5,0.0,village,erratic,V2
38.5,car,-54.0,0.0,0.0,village,normal,V3
38.5,truck,-117.0,0.3,0.0,village,normal,V4
38.5,car,-48.0,-0.2,0.0,village,normal,V5
38.5,car,1051.0,3.0,26.0,highway_north,normal,V6
38.5,bus,877.0,-3.0,22.0,highway_south,normal,V7
38.5,car,934.0,3.4,24.0,highway_north,normal,V8
39.0,tractor,-143.0,0.5,0.0,village,slow,V1
39.0,two_wheeler,-55.0,-0.5,0.0,village,erratic,V2
39.0,car,-54.0,0.0,0.0,village,normal,V3
39.0,truck,-117.0,0.3,0.0,village,normal,V4
39.0,car,-48.0,-0.2,0.0,village,normal,V5
39.0,car,1064.0,3.0,26.0,highway_north,normal,V6
39.0,bus,888.0,-3.0,22.0,highway_south,normal,V7
39.0,car,946.0,3.4,24.0,highway_north,normal,V8
39.5,tractor,-143.0,0.5,0.0,village,slow,V1
39.5,two_wheeler,-55.0,-0.5,0.0,village,erratic,V2
39.5,car,-54.0,0.0,0.0,village,normal,V3
39.5,truck,-117.0,0.3,0.0,village,normal,V4
39.5,car,-48.0,-0.2,0.0,village,normal,V5
39.5,car,1077.0,3.0,26.0,highway_north,normal,V6
39.5,bus,899.0,-3.0,22.0,highway_south,normal,V7
39.5,car,958.0,3.4,24.0,highway_north,normal,V8
40.0,tractor,-143.0,0.5,0.0,village,slow,V1
40.0,two_wheeler,-55.0,-0.5,0.0,village,erratic,V2
40.0,car,-54.0,0.0,0.0,village,normal,V3
40.0,truck,-117.0,0.3,0.0,village,normal,V4
40.0,car,-48.0,-0.2,0.0,village,normal,V5
40.0,car,1090.0,3.0,26.0,highway_north,normal,V6
40.0,bus,910.0,-3.0,22.0,highway_south,normal,V7
40.0,car,970.0,3.4,24.0,highway_north,normal,V8
40.5,tractor,-143.0,0.5,0.0,village,slow,V1
40.5,two_wheeler,-55.0,-0.5,0.0,village,erratic,V2
40.5,car,-54.0,0.0,0.0,village,normal,V3
40.5,truck,-117.0,0.3,0.0,village,normal,V4
40.5,car,-48.0,-0.2,0.0,village,normal,V5
40.5,car,1103.0,3.0,26.0,highway_north,normal,V6
40.5,bus,921.0,-3.0,22.0,highway_south,normal,V7
40.5,car,982.0,3.4,24.0,highway_north,normal,V8
41.0,tractor,-143.0,0.5,0.0,village,slow,V1
41.0,two_wheeler,-55.0,-0.5,0.0,village,erratic,V2
41.0,car,-54.0,0.0,0.0,village,normal,V3
41.0,truck,-117.0,0.3,0.0,village,normal,V4
41.0,car,-48.0,-0.2,0.0,village,normal,V5
41.0,car,1116.0,3.0,26.0,highway_north,normal,V6
41.0,bus,932.0,-3.0,22.0,highway_south,normal,V7
41.0,car,994.0,3.4,24.0,highway_north,normal,V8
41.5,tractor,-143.0,0.5,0.0,village,slow,V1
41.5,two_wheeler,-55.0,-0.5,0.0,village,erratic,V2
41.5,car,-54.0,0.0,0.0,village,normal,V3
41.5,truck,-117.0,0.3,0.0,village,normal,V4
41.5,car,-48.0,-0.2,0.0,village,normal,V5
41.5,car,1129.0,3.0,26.0,highway_north,normal,V6
41.5,bus,943.0,-3.0,22.0,highway_south,normal,V7
41.5,car,1006.0,3.4,24.0,highway_north,normal,V8
42.0,tractor,-143.0,0.5,0.0,village,slow,V1
42.0,two_wheeler,-55.0,-0.5,0.0,village,erratic,V2
42.0,car,-54.0,0.0,0.0,village,normal,V3
42.0,truck,-117.0,0.3,0.0,village,normal,V4
42.0,car,-48.0,-0.2,0.0,village,normal,V5
42.0,car,1142.0,3.0,26.0,highway_north,normal,V6
42.0,bus,954.0,-3.0,22.0,highway_south,normal,V7
42.0,car,1018.0,3.4,24.0,highway_north,normal,V8
42.5,tractor,-143.0,0.5,0.0,village,slow,V1
42.5,two_wheeler,-55.0,-0.5,0.0,village,erratic,V2
42.5,car,-54.0,0.0,0.0,village,normal,V3
42.5,truck,-117.0,0.3,0.0,village,normal,V4
42.5,car,-48.0,-0.2,0.0,village,normal,V5
42.5,car,1155.0,3.0,26.0,highway_north,normal,V6
42.5,bus,965.0,-3.0,22.0,highway_south,normal,V7
42.5,car,1030.0,3.4,24.0,highway_north,normal,V8
43.0,tractor,-143.0,0.5,0.0,village,slow,V1
43.0,two_wheeler,-55.0,-0.5,0.0,village,erratic,V2
43.0,car,-54.0,0.0,0.0,village,normal,V3
43.0,truck,-117.0,0.3,0.0,village,normal,V4
43.0,car,-48.0,-0.2,0.0,village,normal,V5
43.0,car,1168.0,3.0,26.0,highway_north,normal,V6
43.0,bus,976.0,-3.0,22.0,highway_south,normal,V7
43.0,car,1042.0,3.4,24.0,highway_north,normal,V8
43.5,tractor,-143.0,0.5,0.0,village,slow,V1
43.5,two_wheeler,-55.0,-0.5,0.0,village,erratic,V2
43.5,car,-54.0,0.0,0.0,village,normal,V3
43.5,truck,-117.0,0.3,0.0,village,normal,V4
43.5,car,-48.0,-0.2,0.0,village,normal,V5
43.5,car,1181.0,3.0,26.0,highway_north,normal,V6
43.5,bus,987.0,-3.0,22.0,highway_south,normal,V7
43.5,car,1054.0,3.4,24.0,highway_north,normal,V8
44.0,tractor,-143.0,0.5,0.0,village,slow,V1
44.0,two_wheeler,-55.0,-0.5,0.0,village,erratic,V2
44.0,car,-54.0,0.0,0.0,village,normal,V3
44.0,truck,-117.0,0.3,0.0,village,normal,V4
44.0,car,-48.0,-0.2,0.0,village,normal,V5
44.0,car,1194.0,3.0,26.0,highway_north,normal,V6
44.0,bus,998.0,-3.0,22.0,highway_south,normal,V7
44.0,car,1066.0,3.4,24.0,highway_north,normal,V8
44.5,tractor,-143.0,0.5,0.0,village,slow,V1
44.5,two_wheeler,-55.0,-0.5,0.0,village,erratic,V2
44.5,car,-54.0,0.0,0.0,village,normal,V3
44.5,truck,-117.0,0.3,0.0,village,normal,V4
44.5,car,-48.0,-0.2,0.0,village,normal,V5
44.5,car,1207.0,3.0,26.0,highway_north,normal,V6
44.5,bus,1009.0,-3.0,22.0,highway_south,normal,V7
44.5,car,1078.0,3.4,24.0,highway_north,normal,V8
45.0,tractor,-143.0,0.5,0.0,village,slow,V1
45.0,two_wheeler,-55.0,-0.5,0.0,village,erratic,V2
45.0,car,-54.0,0.0,0.0,village,normal,V3
45.0,truck,-117.0,0.3,0.0,village,normal,V4
45.0,car,-48.0,-0.2,0.0,village,normal,V5
45.0,car,1220.0,3.0,26.0,highway_north,normal,V6
45.0,bus,1020.0,-3.0,22.0,highway_south,normal,V7
45.0,car,1090.0,3.4,24.0,highway_north,normal,V8
45.5,tractor,-143.0,0.5,0.0,village,slow,V1
45.5,two_wheeler,-55.0,-0.5,0.0,village,erratic,V2
45.5,car,-54.0,0.0,0.0,village,normal,V3
45.5,truck,-117.0,0.3,0.0,village,normal,V4
45.5,car,-48.0,-0.2,0.0,village,normal,V5
45.5,car,1233.0,3.0,26.0,highway_north,normal,V6
45.5,bus,1031.0,-3.0,22.0,highway_south,normal,V7
45.5,car,1102.0,3.4,24.0,highway_north,normal,V8
46.0,tractor,-143.0,0.5,0.0,village,slow,V1
46.0,two_wheeler,-55.0,-0.5,0.0,village,erratic,V2
46.0,car,-54.0,0.0,0.0,village,normal,V3
46.0,truck,-117.0,0.3,0.0,village,normal,V4
46.0,car,-48.0,-0.2,0.0,village,normal,V5
46.0,car,1246.0,3.0,26.0,highway_north,normal,V6
46.0,bus,1042.0,-3.0,22.0,highway_south,normal,V7
46.0,car,1114.0,3.4,24.0,highway_north,normal,V8
46.5,tractor,-143.0,0.5,0.0,village,slow,V1
46.5,two_wheeler,-55.0,-0.5,0.0,village,erratic,V2
46.5,car,-54.0,0.0,0.0,village,normal,V3
46.5,truck,-117.0,0.3,0.0,village,normal,V4
46.5,car,-48.0,-0.2,0.0,village,normal,V5
46.5,car,1259.0,3.0,26.0,highway_north,normal,V6
46.5,bus,1053.0,-3.0,22.0,highway_south,normal,V7
46.5,car,1126.0,3.4,24.0,highway_north,normal,V8
47.0,tractor,-143.0,0.5,0.0,village,slow,V1
47.0,two_wheeler,-55.0,-0.5,0.0,village,erratic,V2
47.0,car,-54.0,0.0,0.0,village,normal,V3
47.0,truck,-117.0,0.3,0.0,village,normal,V4
47.0,car,-48.0,-0.2,0.0,village,normal,V5
47.0,car,1272.0,3.0,26.0,highway_north,normal,V6
47.0,bus,1064.0,-3.0,22.0,highway_south,normal,V7
47.0,car,1138.0,3.4,24.0,highway_north,normal,V8
47.5,tractor,-143.0,0.5,0.0,village,slow,V1
47.5,two_wheeler,-55.0,-0.5,0.0,village,erratic,V2
47.5,car,-54.0,0.0,0.0,village,normal,V3
47.5,truck,-117.0,0.3,0.0,village,normal,V4
47.5,car,-48.0,-0.2,0.0,village,normal,V5
47.5,car,1285.0,3.0,26.0,highway_north,normal,V6
47.5,bus,1075.0,-3.0,22.0,highway_south,normal,V7
47.5,car,1150.0,3.4,24.0,highway_north,normal,V8
48.0,tractor,-143.0,0.5,0.0,village,slow,V1
48.0,two_wheeler,-55.0,-0.5,0.0,village,erratic,V2
48.0,car,-54.0,0.0,0.0,village,normal,V3
48.0,truck,-117.0,0.3,0.0,village,normal,V4
48.0,car,-48.0,-0.2,0.0,village,normal,V5
48.0,car,1298.0,3.0,26.0,highway_north,normal,V6
48.0,bus,1086.0,-3.0,22.0,highway_south,normal,V7
48.0,car,1162.0,3.4,24.0,highway_north,normal,V8
48.5,tractor,-143.0,0.5,0.0,village,slow,V1
48.5,two_wheeler,-55.0,-0.5,0.0,village,erratic,V2
48.5,car,-54.0,0.0,0.0,village,normal,V3
48.5,truck,-117.0,0.3,0.0,village,normal,V4
48.5,car,-48.0,-0.2,0.0,village,normal,V5
48.5,car,1311.0,3.0,26.0,highway_north,normal,V6
48.5,bus,1097.0,-3.0,22.0,highway_south,normal,V7
48.5,car,1174.0,3.4,24.0,highway_north,normal,V8
49.0,tractor,-143.0,0.5,0.0,village,slow,V1
49.0,two_wheeler,-55.0,-0.5,0.0,village,erratic,V2
49.0,car,-54.0,0.0,0.0,village,normal,V3
49.0,truck,-117.0,0.3,0.0,village,normal,V4
49.0,car,-48.0,-0.2,0.0,village,normal,V5
49.0,car,1324.0,3.0,26.0,highway_north,normal,V6
49.0,bus,1108.0,-3.0,22.0,highway_south,normal,V7
49.0,car,1186.0,3.4,24.0,highway_north,normal,V8
49.5,tractor,-143.0,0.5,0.0,village,slow,V1
49.5,two_wheeler,-55.0,-0.5,0.0,village,erratic,V2
49.5,car,-54.0,0.0,0.0,village,normal,V3
49.5,truck,-117.0,0.3,0.0,village,normal,V4
49.5,car,-48.0,-0.2,0.0,village,normal,V5
49.5,car,1337.0,3.0,26.0,highway_north,normal,V6
49.5,bus,1119.0,-3.0,22.0,highway_south,normal,V7
49.5,car,1198.0,3.4,24.0,highway_north,normal,V8
50.0,tractor,-143.0,0.5,0.0,village,slow,V1
50.0,two_wheeler,-55.0,-0.5,0.0,village,erratic,V2
50.0,car,-54.0,0.0,0.0,village,normal,V3
50.0,truck,-117.0,0.3,0.0,village,normal,V4
50.0,car,-48.0,-0.2,0.0,village,normal,V5
50.0,car,1350.0,3.0,26.0,highway_north,normal,V6
50.0,bus,1130.0,-3.0,22.0,highway_south,normal,V7
50.0,car,1210.0,3.4,24.0,highway_north,normal,V8
50.5,tractor,-143.0,0.5,0.0,village,slow,V1
50.5,two_wheeler,-55.0,-0.5,0.0,village,erratic,V2
50.5,car,-54.0,0.0,0.0,village,normal,V3
50.5,truck,-117.0,0.3,0.0,village,normal,V4
50.5,car,-48.0,-0.2,0.0,village,normal,V5
50.5,car,1363.0,3.0,26.0,highway_north,normal,V6
50.5,bus,1141.0,-3.0,22.0,highway_south,normal,V7
50.5,car,1222.0,3.4,24.0,highway_north,normal,V8
51.0,tractor,-143.0,0.5,0.0,village,slow,V1
51.0,two_wheeler,-55.0,-0.5,0.0,village,erratic,V2
51.0,car,-54.0,0.0,0.0,village,normal,V3
51.0,truck,-117.0,0.3,0.0,village,normal,V4
51.0,car,-48.0,-0.2,0.0,village,normal,V5
51.0,car,1376.0,3.0,26.0,highway_north,normal,V6
51.0,bus,1152.0,-3.0,22.0,highway_south,normal,V7
51.0,car,1234.0,3.4,24.0,highway_north,normal,V8
51.5,tractor,-143.0,0.5,0.0,village,slow,V1
51.5,two_wheeler,-55.0,-0.5,0.0,village,erratic,V2
51.5,car,-54.0,0.0,0.0,village,normal,V3
51.5,truck,-117.0,0.3,0.0,village,normal,V4
51.5,car,-48.0,-0.2,0.0,village,normal,V5
51.5,car,1389.0,3.0,26.0,highway_north,normal,V6
51.5,bus,1163.0,-3.0,22.0,highway_south,normal,V7
51.5,car,1246.0,3.4,24.0,highway_north,normal,V8
52.0,tractor,-143.0,0.5,0.0,village,slow,V1
52.0,two_wheeler,-55.0,-0.5,0.0,village,erratic,V2
52.0,car,-54.0,0.0,0.0,village,normal,V3
52.0,truck,-117.0,0.3,0.0,village,normal,V4
52.0,car,-48.0,-0.2,0.0,village,normal,V5
52.0,car,1402.0,3.0,26.0,highway_north,normal,V6
52.0,bus,1174.0,-3.0,22.0,highway_south,normal,V7
52.0,car,1258.0,3.4,24.0,highway_north,normal,V8
52.5,tractor,-143.0,0.5,0.0,village,slow,V1
52.5,two_wheeler,-55.0,-0.5,0.0,village,erratic,V2
52.5,car,-54.0,0.0,0.0,village,normal,V3
52.5,truck,-117.0,0.3,0.0,village,normal,V4
52.5,car,-48.0,-0.2,0.0,village,normal,V5
52.5,car,1415.0,3.0,26.0,highway_north,normal,V6
52.5,bus,1185.0,-3.0,22.0,highway_south,normal,V7
52.5,car,1270.0,3.4,24.0,highway_north,normal,V8
53.0,tractor,-143.0,0.5,0.0,village,slow,V1
53.0,two_wheeler,-55.0,-0.5,0.0,village,erratic,V2
53.0,car,-54.0,0.0,0.0,village,normal,V3
53.0,truck,-117.0,0.3,0.0,village,normal,V4
53.0,car,-48.0,-0.2,0.0,village,normal,V5
53.0,car,1428.0,3.0,26.0,highway_north,normal,V6
53.0,bus,1196.0,-3.0,22.0,highway_south,normal,V7
53.0,car,1282.0,3.4,24.0,highway_north,normal,V8
53.5,tractor,-143.0,0.5,0.0,village,slow,V1
53.5,two_wheeler,-55.0,-0.5,0.0,village,erratic,V2
53.5,car,-54.0,0.0,0.0,village,normal,V3
53.5,truck,-117.0,0.3,0.0,village,normal,V4
53.5,car,-48.0,-0.2,0.0,village,normal,V5
53.5,car,1441.0,3.0,26.0,highway_north,normal,V6
53.5,bus,1207.0,-3.0,22.0,highway_south,normal,V7
53.5,car,1294.0,3.4,24.0,highway_north,normal,V8
54.0,tractor,-143.0,0.5,0.0,village,slow,V1
54.0,two_wheeler,-55.0,-0.5,0.0,village,erratic,V2
54.0,car,-54.0,0.0,0.0,village,normal,V3
54.0,truck,-117.0,0.3,0.0,village,normal,V4
54.0,car,-48.0,-0.2,0.0,village,normal,V5
54.0,car,1454.0,3.0,26.0,highway_north,normal,V6
54.0,bus,1218.0,-3.0,22.0,highway_south,normal,V7
54.0,car,1306.0,3.4,24.0,highway_north,normal,V8
54.5,tractor,-143.0,0.5,0.0,village,slow,V1
54.5,two_wheeler,-55.0,-0.5,0.0,village,erratic,V2
54.5,car,-54.0,0.0,0.0,village,normal,V3
54.5,truck,-117.0,0.3,0.0,village,normal,V4
54.5,car,-48.0,-0.2,0.0,village,normal,V5
54.5,car,1467.0,3.0,26.0,highway_north,normal,V6
54.5,bus,1229.0,-3.0,22.0,highway_south,normal,V7
54.5,car,1318.0,3.4,24.0,highway_north,normal,V8
55.0,tractor,-143.0,0.5,0.0,village,slow,V1
55.0,two_wheeler,-55.0,-0.5,0.0,village,erratic,V2
55.0,car,-54.0,0.0,0.0,village,normal,V3
55.0,truck,-117.0,0.3,0.0,village,normal,V4
55.0,car,-48.0,-0.2,0.0,village,normal,V5
55.0,car,1480.0,3.0,26.0,highway_north,normal,V6
55.0,bus,1240.0,-3.0,22.0,highway_south,normal,V7
55.0,car,1330.0,3.4,24.0,highway_north,normal,V8
55.5,tractor,-143.0,0.5,0.0,village,slow,V1
55.5,two_wheeler,-55.0,-0.5,0.0,village,erratic,V2
55.5,car,-54.0,0.0,0.0,village,normal,V3
55.5,truck,-117.0,0.3,0.0,village,normal,V4
55.5,car,-48.0,-0.2,0.0,village,normal,V5
55.5,car,1493.0,3.0,26.0,highway_north,normal,V6
55.5,bus,1251.0,-3.0,22.0,highway_south,normal,V7
55.5,car,1342.0,3.4,24.0,highway_north,normal,V8
56.0,tractor,-143.0,0.5,0.0,village,slow,V1
56.0,two_wheeler,-55.0,-0.5,0.0,village,erratic,V2
56.0,car,-54.0,0.0,0.0,village,normal,V3
56.0,truck,-117.0,0.3,0.0,village,normal,V4
56.0,car,-48.0,-0.2,0.0,village,normal,V5
56.0,car,1506.0,3.0,26.0,highway_north,normal,V6
56.0,bus,1262.0,-3.0,22.0,highway_south,normal,V7
56.0,car,1354.0,3.4,24.0,highway_north,normal,V8
56.5,tractor,-143.0,0.5,0.0,village,slow,V1
56.5,two_wheeler,-55.0,-0.5,0.0,village,erratic,V2
56.5,car,-54.0,0.0,0.0,village,normal,V3
56.5,truck,-117.0,0.3,0.0,village,normal,V4
56.5,car,-48.0,-0.2,0.0,village,normal,V5
56.5,car,1519.0,3.0,26.0,highway_north,normal,V6
56.5,bus,1273.0,-3.0,22.0,highway_south,normal,V7
56.5,car,1366.0,3.4,24.0,highway_north,normal,V8
57.0,tractor,-143.0,0.5,0.0,village,slow,V1
57.0,two_wheeler,-55.0,-0.5,0.0,village,erratic,V2
57.0,car,-54.0,0.0,0.0,village,normal,V3
57.0,truck,-117.0,0.3,0.0,village,normal,V4
57.0,car,-48.0,-0.2,0.0,village,normal,V5
57.0,car,1532.0,3.0,26.0,highway_north,normal,V6
57.0,bus,1284.0,-3.0,22.0,highway_south,normal,V7
57.0,car,1378.0,3.4,24.0,highway_north,normal,V8
57.5,tractor,-143.0,0.5,0.0,village,slow,V1
57.5,two_wheeler,-55.0,-0.5,0.0,village,erratic,V2
57.5,car,-54.0,0.0,0.0,village,normal,V3
57.5,truck,-117.0,0.3,0.0,village,normal,V4
57.5,car,-48.0,-0.2,0.0,village,normal,V5
57.5,car,1545.0,3.0,26.0,highway_north,normal,V6
57.5,bus,1295.0,-3.0,22.0,highway_south,normal,V7
57.5,car,1390.0,3.4,24.0,highway_north,normal,V8
58.0,tractor,-143.0,0.5,0.0,village,slow,V1
58.0,two_wheeler,-55.0,-0.5,0.0,village,erratic,V2
58.0,car,-54.0,0.0,0.0,village,normal,V3
58.0,truck,-117.0,0.3,0.0,village,normal,V4
58.0,car,-48.0,-0.2,0.0,village,normal,V5
58.0,car,1558.0,3.0,26.0,highway_north,normal,V6
58.0,bus,1306.0,-3.0,22.0,highway_south,normal,V7
58.0,car,1402.0,3.4,24.0,highway_north,normal,V8
58.5,tractor,-143.0,0.5,0.0,village,slow,V1
58.5,two_wheeler,-55.0,-0.5,0.0,village,erratic,V2
58.5,car,-54.0,0.0,0.0,village,normal,V3
58.5,truck,-117.0,0.3,0.0,village,normal,V4
58.5,car,-48.0,-0.2,0.0,village,normal,V5
58.5,car,1571.0,3.0,26.0,highway_north,normal,V6
58.5,bus,1317.0,-3.0,22.0,highway_south,normal,V7
58.5,car,1414.0,3.4,24.0,highway_north,normal,V8
59.0,tractor,-143.0,0.5,0.0,village,slow,V1
59.0,two_wheeler,-55.0,-0.5,0.0,village,erratic,V2
59.0,car,-54.0,0.0,0.0,village,normal,V3
59.0,truck,-117.0,0.3,0.0,village,normal,V4
59.0,car,-48.0,-0.2,0.0,village,normal,V5
59.0,car,1584.0,3.0,26.0,highway_north,normal,V6
59.0,bus,1328.0,-3.0,22.0,highway_south,normal,V7
59.0,car,1426.0,3.4,24.0,highway_north,normal,V8
59.5,tractor,-143.0,0.5,0.0,village,slow,V1
59.5,two_wheeler,-55.0,-0.5,0.0,village,erratic,V2
59.5,car,-54.0,0.0,0.0,village,normal,V3
59.5,truck,-117.0,0.3,0.0,village,normal,V4
59.5,car,-48.0,-0.2,0.0,village,normal,V5
59.5,car,1597.0,3.0,26.0,highway_north,normal,V6
59.5,bus,1339.0,-3.0,22.0,highway_south,normal,V7
59.5,car,1438.0,3.4,24.0,highway_north,normal,V8
60.0,tractor,-143.0,0.5,0.0,village,slow,V1
60.0,two_wheeler,-55.0,-0.5,0.0,village,erratic,V2
60.0,car,-54.0,0.0,0.0,village,normal,V3
60.0,truck,-117.0,0.3,0.0,village,normal,V4
60.0,car,-48.0,-0.2,0.0,village,normal,V5
60.0,car,1610.0,3.0,26.0,highway_north,normal,V6
60.0,bus,1350.0,-3.0,22.0,highway_south,normal,V7
60.0,car,1450.0,3.4,24.0,highway_north,normal,V8
